uid,train_sequence,val_item,test_item
1,"[1738452  189365  704269  985440 1738317  754568 1742864 1832686 2204810
  334090 1555330  800688 2962051 1414693  800688  800690 2023015 1977669
     243  282405 1878657 1596897 2392659 1782340 2345830 2439977   46910
 1782340  985260 1926977 2157870 2017673 2298458   47048   46896 1595680
  422539  376512 1876317 2958454 2299189 1548187 1172624 1172624 2157870
 1735642 1407224 1125605 1407224 1125605 2017673 2157870 2298458 2204919
 1735642  985669 1407224 2158225 2298458 2157870 1407224 2157870 2017673
 1125605 1735642 2158225 1735642 1923497 2347100  985669 1595034 2722694
   46910  891375 2447800 2494785 2412320  283769  283769   76480 2412320
 1221058 2447325 1595310 1595310 2110789 1970513 1970513 2110789 1970513
  198704 1139353 1464971 2816434 2863250 1876520  703394 2440766 2634315
   46910 2301897 2251705 1970522 2912572 2251589  142578 2675484 2629219
 2110756 1173503  469853 1081850 2401742   49162  938668 1876063 1172624
 1688474 1923497 1782455 1172699  515999 2722835 2110932  281905 1782455
 2298444  938698 1313531  985298 2816629  515998 1829339 1595200  469476
  141070  985481 1876155 1595204 2298709  656707 1597936 1642167 2304422
 1407186 2392659  985626 1923497 2401742 1875930 2597886 2110764 1079076
 2486911 1219226 1548004 2533809 2346112 1876063   47048  422335 2816816
 1266297     737 2441032 2158225  703217  985217 1173116 2130828 2817377
 2873033 2725191 1548792 1877326  611620 1314029  703505 2251829  609528
  703243  562336 2533833 1783365 2631210  192368  469293 2251997 1361747
 1173113  657321  143756 2534857  563373 2204930 2157899  282754  752527
 2863861  845631 2725191 2110932 1267589 2207053  659823 2347247 2581834
 2112109 2064033  703505 2299417  609752 2301259 2675498  750619 1595291
 1503255  985247  938955 2769783 2393699 1219166 1219166  250070  384466
 1423003 1552876 1595355 1313444 2205603 1877359  656523 2539067 1266453
 1597516  563372 2582702  328690  798554  657059 2536107 2346272 2487383
 1407367 2159169 1501326 1739691  704749  334444  985607  844667 2769898
  985607  844667 2581234 2722769  750642 2769898 1408286  563209 2346128
   48539 1126788  376896  517422  187893 2440162 2251753 2392604  141205
 2489089  376491 1736009 2300751  234891 2486875 2300746  190662  986057
 1595188 2958796  986059    6353 1314182 1173351 2018264 1454274  621802
   94748  987499 1032993  704240  563207  563212 1642744 2540795 1175917
 1267129 1079724 2818613    1942 2110822 1455483 2442303 1361267 2110881
  610541 2396952  471399  281679  939358  237516  424942  422686 1743087
  751826 2677825 2111505  281948  617572  425754  470056 2067430 1172627
 2115054 1461048 2876651 2865095  329714    1595  191364    3620  657325
 2629916  750985 1502040 1598147 2498031  519448  989564 2723810 1174484
 2487627 2487628 2816517 1220869 1606744 1128485 1220002 1457963  334000
 1126456 1973503 2816555 2301897  986057   49165 2440766 2018264   48513
 2911248  703299  892793 1082729 1408061   47777 1924464 2912573 2160710
 1220117  844809 2817232  986073 2114145  703883 1408105 2817201 2679924
  563749  142158 1079720  658058 1735788 1688474 1172624 1782455 1923497
 1876063 1407619 2298444 1688474 1313531  985298 1595200 2816629  938698
  515998 1829339  469476  141070 1876155  985481 1454323 1595204  656707
 2298709 1558285 1132771 2957990 1925919  988762 1081199 2440740  939324
  282526 2913799 1595011 1829131 1735650 1314275 2113643 2675533 2863941
 2253783 1877041 1973403 1877041  187916  940649 2581065 2113644  610502
 2958891 1877974  892551 2018165 2535099  800567 2630968 2961112 2581040
 1082209  612272 1691364  612272 1691364 2111878 2207148 2865141 2442851
  332115  237960  617572 1782455  659823 2298458 2723586  751826 2345830
 1131722 2305597 2774785 2299417 1737119 1501975  845629  189228 1597516
  704224 1501982  563372  515906  515999 2347216 1078913 1785340  986017
  750619 1032145 2581012 1032145 2581012 2439755 2439755   47933   47933
  751854 2064977 2533846 2205242 1134481 1454225 2533817  891396  422647
  515960 2723011  188047 1313337  844674 1454141  703852 1219331 2158041
  328720 1313639  422833 2440437  469837  845268 2111472 1126229  798470
 1829530 1407477 1126221 2770020 1032756 1454225  516394  891396  515960
 2723011  188047  422647  844674 1313337  254076  405214  123419 1223590
  827356 1061680 1419140 1858754  375407  469853 1079053 1971740 2958722
  986100 2392943 2298648 1642979 1876520 2911579 1173350 2345897  516787
  751586 2821135  750619 2489086     852 1313314  658706 2066106 2064033
 2298444 1558285 1132771  572577 1688474 1970695 1923497 1782455 1172624
  515999 2722835 1876063 2110932 2251863 1172674 1876582 1172560 1172560
 1172560 2392636 1875930 1172560 2345894 1172560 1689016   46928   46928
 1219924 2345894 1970513 2535757 2723091  234840 1829742 1314315 2675723
 2818230  424123 2823948 1501411 1877733 1313961  798670  798484  609477
  610336  941137 2066854 2112928 1219877 1454882 2534006 2111642 2112962
 1501172 1407219 1877167 2722798 2911232 2581032  563373  375433 1266268
 2300748 2629219 1548792  704226  423371 1924399 1783007   94783 1314379
 2533984  188753  797706 2299763 1173113  845116 2816435 1735808  424359
 1080358 2486768 2630091]",704632,515753
2,[ 985388  891539 2957908 ...  844684   94188  844684],94188,844684
3,[ 705471 1407515  527355 ... 2251695 1456301 1407446],2537843,1082826
4,[1688660 1219431   94740 ...  986579 2392918 1829392],1876023,234613
5,[  46896 1454701     696 ... 1970732 1970732  985649],2534495,609410
6,[2533833 2675681  750614 ... 1642244 1829157 1360333],1032098,1360333
7,"[2533833  562336 1219356 2722637 2251694  750932 1594994 2439819  234605
 2580853 1595020  656523 1266438 2251632]",1782435,2769818
8,[ 751488 1032117 1923452 ...  375571 2863450  562364],2017454,2204944
9,[ 470606 2494127 1735783 ...  426582  425687 2111264],1407259,1360743
10,[2439819 2769818  750614 ... 1735649 2534164  469251],1454131,2346185
11,[ 797747 1219342 1970549 ...  424875  609554  609554],1924266,1079720
12,"[2299903  189234 1033537     883  329566 1078940 1783211  423736     113
  376772 2910350 2488020 2110744 1314205    1513 1407210  189234  703959
 1830500  328955  986602 1078940  563752  328729 1266395 1313307 1689128
 2251590  423203  469265   47366 2722636 2251590  470026 2581117  516638
 1736111  470150 2628358 1314749 1829109  235048 1736501 1314750 2488192
  422830  422830  422830  422830  422830  234715 2111916 2769796 2723104
 1736501 2958485 1549387 1642387 1502089 2488192 1736501 1314750 2958485
 1549387 1642387 2769796 1502089  892705 2723104 2111916  234715  422830
     929 2675696  516522 2863714 2863714 2863714 2863714 1454219  422533
  469417   47091  422676 1501174  281719 2535298 1266337 1970535 1549388
 2392725 2580979 1924157 2580979 1924157 2580979  234667 1924157 2017417
  234667 1783005 1219908  281756 2064443 1454521  799087 1172768  328729
 2392771 2111377 2392771 2111377 2018724]",1407835,1549387
13,[2959253  657905  517280 ... 1972026 2628390 1220000],283159,2159295
14,[2581235 1970460 2392659 ...  844693 2957746  563866],1079076,328673
15,"[2017968  141912 1595093  141912 1125703 2298663 1595093  938659  703211
 1079603  891934  831925   18578 2675550  515829 1360450  656575 1594994
  656575 1594994 2675481  750642 2628186 1735622  234796  985221  515926
 2486742  938465 2770267  891355  797706 2816434 1970459 2251695  281656
  656488 1266254 2110732 2580839 2675497 1266279  562452 1642249 1688437
 1970521 1923438 2064473 2204615  328719 2816436  703242    1549 2628226
 1735938 1784812 1501000  516787 2910803 2251721  469827 1360508 1266293
 2251589 1970460 1125615 1829109  703221  891370 2675479 1407211 2486766
 1219214  750614  234690  656451 2298476  562484 1829127 2628186  750661
  329476  938521 1594992 1407248  281685 1501010 2392643 1970899 2722652
  656575  140882  328755 1688550  328734 1219637 1219354  892596  469530
  140903 2251671  845288 1219229 2722723  282005 2157968 2723270 1688562
 2910653  704523 2959111  891810  469388 1595017 1266293 2486849 1782464
  140937 1360328 1782815  609431  891755 1079636   95246 1548599 2533906
   47009 1642827  751645 2864628  562750 2017373  562750 2017373   46928
 2581012 1313426  375603 2157965 2723617 1032591  376387 1642160 1735677
 2911171 2064117   94869 1219494 2205689 1033112  891345  797678 2628713
 1783607 2957765 1876646  516099  609414  328858  750646 1361409  423348
 2440790  704259 1172954 1596482  187973 2205905  187973 1360328  562675
 1266474     352 2204763 2251586     352 2298475     352  609665 1454374
  330657  703508 2112013  703688  609665 2017968 1688550 1079348  939437
 1642572 2017549 1595630 2205689  656665 2533846 1172954  562534  375572
 2770772  422828 2345847 1219354 1266293 1219494  422530 1735880  939437
 1266442 1688624  187973  939437  939437  187973  656665 2440091 2440091
 1970769 2440091  375572 2580977 1360328 1548289 1454219 2910757  188282
 1876035   46930 1032239  562534  609630  563047 1876566 1501171 1172643
 1173800 1782601 2534004  891629 2174535 2440061 2816692  797971 1454521
 1173800 2816692  797971 1454521 1501305  234923 1032816 2628351  703661
  939542 1125785 1970687 1829200 2017757  422392 2534057  422672 1125739
 1266616 2816674 1125706  422561 1125589  891490  844704  844876  891617
  799216 1970588 1829611 2580974 1831385  423729 1595108 1079348  844887
 1266474  140979 1360537 2064003  515981 2210787  750947 1970687 1642112
     365  188167 2017757 1407424 1407530 1407530 1407530 2628186 1736549
 2111009 1079054 2628186  234605 1454219 1875897  422651 2816435 2957800
 1641908  704468 2957853  609630  609630  236589  236589  703661 2628351
  939542 1829611 1782705 2771075 2863386  328887  515838 2911651 1501171
  140978 2675457 1078968  799216 1829200 1079185 2958499 1875990 1548198
 1548198 1970588 2298780 2298780 1783005 1972782 2533785  562671 1735880
 1735880 1735880 1735880 2440061 2722840  469474 1125785 1548093  797986
 2628204 1313394  797683 1782477 1125785 1313394 1923691  422561 1173800
 1173800 1125739 1172768 1266616  844876 1125739 1923691  891617  891490
 1454324  609392 2534057 1125706    1061    1061  235329 2017968  657091
 1595108 1125897 2628530  844887  235378  422392 2486936  938571 1078871
 1782799  234923 1172942 1736318 2251724  845422  797865 1032109  656458
 2300548 2816692 2628527 2816544 2863629 2722860 2722860 2722901  797865
 1032109 2722901 1736287  141047 1735628  188167 1407424  611045 2533999
 1925103 1268813   47088 1970687  515981 1642112 2580940 2345936 1032239
 2346460 1032816  234721 2205748 2205748 2439961  797880  516433     366
 2723585 2392938     284 1972607 2675457 2158035 2675457 2158035 1079185
   47649  703396  281852 1548198 2865763 1782799  845422 1172942  234923
 1736318 2533785 2533785 1970769 1971595 1642660 1642660  234611 2771075
  844882  562671   47091  892099  938608 2863386 2392864 2863386 1923611
  938642 2580833 2534057 2534057 2581324  891976  799908 1219621  609392
 1172596 1172596 1360674    1061 2204920 2298654  797984 1454383  844876
 2064183 1642110 2392771  375568 1595108  657091 1219320  844887 1829414
 2486936 1125897  797865 1970588 2628527  471203 2723585 2017449 1971599
 1173469  985330 2392811 2110896 2017757 1971599 2392811 2017757 2816674
 2251978 1454529  375577  703522  562671 2957899     366 2439961 2439961
  282628  282628  282628  282628 1548289  563047 2580977 1454219  938642
 1595644 1219366 2251724 1079054 2581324 2064443 1642111 1829756 2769888
 2017497  844876 1737943 1923611 2533999  703356  703396   47091 2158035
  609546 1032239 2439960 2722750   47649  281852 1642247  656666 2346460
 2346460 1642660 1032289 1736318 2346460 2346460 1642660 1032289 1736318
 2392771 2580940 1642660 2064183 2534299  656666 2346460 1642660     101
 1407530 1970687 2958485 1642112  609598 2345936  609598  798119 1829611
  562671 1219849     101 2251873  562671     101 1407530  938571     101
 2345999 1970687 1642112 2958485 1501299  798119 1829611  798119 1219849
 2958485 1642112 2345936 1925103 2957899 1501299 2251554 2534007 1829611
  422533 2723333 2958228  938640  423841 2580979 2863689  987073 2722900
   46929  423841 1079868 1642247  188045     101 1173469 1642111 1172447
 1876521 2958188  938643  515753 2628204  515981 2440235  938608 1735963
  234699 1360830 2064142 2252248 1642248 1172596 2675694  797986  939224
  424418 1219357     370  515753 2580833 2440235  938608  515753 2580833
 2628204  515981 2440235  938608 1735963  234699 1360830 2064142 2252248
 1642248 2675965 1172596 2675694  469440  609479  797986 1970643  939224
  424418 1219357     370 1032899 1454166 2346097 1219325 1642654 1125942
  281981  422676 1032590 1970757 1876566 1923600 1361155     464 2722840
  704360  188282 2439994 2910517 2910855 1548127 2816575 1688466 2392864
 1079001 1924321  376109 1079348 2111509     811  985459 2910548 2910548
 2863445   95684   46929  891976  657170 1032109    1061   46929   95684
 1172768  891490 1454383 1876095 1266695  844882 1501172 2158169 1266695
 1876095 1266695 1876095 1454383  891490 1454383 1266695  844882 1501172
 2158169  844882 2816544 1266695 2158169  797984 2205748  472849 1782366
 1219320  329019 2298780 1829414 1032210 1876043 1876099 2770216 1783005
 1688593 2487042 1125897 1736376 1595972 2392817 1125789 2958228 1501299
 1925103 2580979 2628527 2534007 2723585 1595108 1173469  423841  987073
 1829200 1454837 1454529  422533 2298654  376142  282628  375732 1125706
  422392 1642248 1219474 1219474 1125789 2392817 1595972  516928 1689365
 2204800  986176 2110937 2581301 2628235  328763  609394 1548289 1548289
 1548289 1970588 2534057 1548289 1548289 1548289 1548289 1970588 2534057]",2581324,1454219
